,file,label,tool_label
0,array30_pattern.c,False,False
1,array29_pattern.c,False,False
2,array27_pattern.c,False,False
3,tree_del_iter_incorrect.c,True,False
4,tree_del_rec_incorrect.c,True,False
5,tree_max.c,True,False
6,prefixsum_rec.c,False,False
7,prefixsum_iter.c,False,False
8,tree_max_incorrect.c,True,False
9,float_req_bl_0260.c,True,True
10,float_req_bl_1052b.c,True,True
11,double_req_bl_1032d.c,True,True
12,float_req_bl_1232a.c,True,True
13,float_req_bl_0970a.c,True,True
14,float_req_bl_0710.c,True,True
15,float_req_bl_0670.c,True,True
16,double_req_bl_0971.c,True,True
17,double_req_bl_1052b.c,True,True
18,double_req_bl_0970a.c,True,True
19,double_req_bl_1232a.c,True,True
20,float_req_bl_1032d.c,True,True
21,double_req_bl_1052c.c,True,True
22,double_req_bl_0663a.c,False,False
23,double_req_bl_1072a.c,True,True
24,float_req_bl_0730a.c,True,True
25,float_req_bl_1121a.c,True,True
26,double_req_bl_0680b.c,False,False
27,float_req_bl_0663a.c,False,False
28,float_req_bl_1072a.c,True,True
29,double_req_bl_0730a.c,True,True
30,double_req_bl_1121a.c,True,True
31,float_req_bl_0680b.c,True,True
32,double_req_bl_1071.c,True,True
33,float_req_bl_1052c.c,True,True
34,float_req_bl_0970b.c,True,True
35,float_req_bl_1232b.c,True,False
36,float_req_bl_1052a.c,True,True
37,double_req_bl_0730c.c,True,True
38,float_req_bl_1072c.c,True,True
39,float_req_bl_0730c.c,True,True
40,double_req_bl_1072c.c,True,True
41,double_req_bl_1232b.c,True,False
42,double_req_bl_0970b.c,True,True
43,double_req_bl_1052a.c,True,True
44,float_req_bl_0470.c,True,True
45,double_req_bl_1072b.c,True,True
46,double_req_bl_0663b.c,False,False
47,float_req_bl_0730b.c,True,True
48,float_req_bl_1121b.c,True,True
49,double_req_bl_0740.c,True,True
50,double_req_bl_0680a.c,True,True
51,float_req_bl_0921.c,True,True
52,float_req_bl_1072b.c,True,True
53,float_req_bl_1381.c,True,True
54,float_req_bl_0663b.c,False,False
55,double_req_bl_1121b.c,True,True
56,double_req_bl_0730b.c,True,True
57,float_req_bl_0680a.c,False,False
58,double_req_bl_1032b.c,True,True
59,double_req_bl_0910a.c,True,True
60,double_req_bl_1252a.c,True,True
61,float_req_bl_1052d.c,True,True
62,float_req_bl_0681a.c,True,True
63,float_req_bl_0931.c,True,True
64,float_req_bl_0662b.c,True,True
65,double_req_bl_0681a.c,True,True
66,double_req_bl_1300.c,True,True
67,double_req_bl_0662b.c,True,True
68,float_req_bl_1032b.c,True,True
69,float_req_bl_0460.c,True,True
70,double_req_bl_1052d.c,True,True
71,float_req_bl_1252a.c,True,True
72,float_req_bl_1032c.c,True,True
73,float_req_bl_0910a.c,True,True
74,float_req_bl_1031.c,True,True
75,float_req_bl_1012a.c,True,True
76,float_req_bl_0930.c,True,True
77,double_req_bl_1012a.c,True,True
78,double_req_bl_1252b.c,True,False
79,double_req_bl_1032c.c,True,True
80,double_req_bl_0910b.c,True,True
81,double_req_bl_1032a.c,True,True
82,float_req_bl_0681b.c,True,True
83,double_req_bl_0681b.c,True,True
84,float_req_bl_0662a.c,True,True
85,float_req_bl_0910b.c,True,True
86,double_req_bl_0662a.c,True,True
87,float_req_bl_1252b.c,True,False
88,float_req_bl_1032a.c,True,True
89,float_req_bl_1012b.c,True,True
90,float_req_bl_1231.c,True,True
91,double_req_bl_1072d.c,True,True
92,float_req_bl_1230.c,True,True
93,double_req_bl_1012b.c,True,True
94,float_req_bl_1072d.c,True,True
95,double_req_bl_0480.c,True,True
96,double_req_bl_0960b.c,True,True
97,float_req_bl_0834.c,True,True
98,float_req_bl_0960b.c,True,True
99,double_req_bl_0720.c,True,True
100,double_req_bl_1210.c,True,False
101,double_req_bl_0686a.c,False,False
102,float_req_bl_0610.c,True,True
103,float_req_bl_0686a.c,False,False
104,float_req_bl_0960a.c,True,True
105,double_req_bl_0686b.c,True,True
106,float_req_bl_1131b.c,True,True
107,double_req_bl_1131b.c,True,True
108,float_req_bl_0981.c,True,True
109,float_req_bl_0686b.c,True,True
110,double_req_bl_1131a.c,True,True
111,float_req_bl_1131a.c,True,True
112,float_req_bl_1091.c,True,True
113,double_req_bl_0281.c,True,True
114,float_req_bl_1251.c,True,True
115,float_req_bl_0833.c,True,True
116,double_req_bl_0920a.c,True,True
117,double_req_bl_0490b.c,True,True
118,float_req_bl_1250.c,True,True
119,float_req_bl_1130a.c,True,True
120,float_req_bl_0490b.c,True,True
121,float_req_bl_0920a.c,True,True
122,float_req_bl_0832a.c,True,True
123,float_req_bl_0831.c,True,True
124,double_req_bl_1130a.c,True,True
125,float_req_bl_1051.c,True,True
126,double_req_bl_0920b.c,True,True
127,double_req_bl_0490a.c,True,True
128,float_req_bl_0920b.c,True,True
129,float_req_bl_0490a.c,True,True
130,float_req_bl_0832b.c,True,True
131,float_req_bl_0684a.c,False,False
132,double_req_bl_1230.c,True,True
133,double_req_bl_1031.c,True,True
134,double_req_bl_0684a.c,True,True
135,double_req_bl_0930.c,True,True
136,float_req_bl_0684b.c,True,True
137,double_req_bl_0684b.c,True,True
138,double_req_bl_0931.c,True,True
139,double_req_bl_0470.c,True,True
140,float_req_bl_1130b.c,True,True
141,float_req_bl_0740.c,True,True
142,double_req_bl_0921.c,True,True
143,double_req_bl_0685b.c,True,True
144,float_req_bl_1071.c,True,True
145,float_req_bl_0685b.c,True,True
146,double_req_bl_0685a.c,False,False
147,double_req_bl_0260.c,True,True
148,double_req_bl_0460.c,True,True
149,float_req_bl_0971.c,True,True
150,float_req_bl_0685a.c,False,False
151,double_req_bl_0270a.c,True,True
152,double_req_bl_1051.c,True,True
153,double_req_bl_0620a.c,True,True
154,double_req_bl_1251b.c,True,True
155,float_req_bl_0682b.c,False,False
156,double_req_bl_0682b.c,True,True
157,float_req_bl_0661a.c,True,True
158,float_req_bl_1270d.c,True,True
159,float_req_bl_0620a.c,True,True
160,float_req_bl_0270a.c,True,True
161,double_req_bl_0661a.c,True,True
162,double_req_bl_0670.c,True,True
163,float_req_bl_0250b.c,True,True
164,float_req_bl_1011b.c,True,True
165,double_req_bl_1011b.c,True,True
166,double_req_bl_0250b.c,True,True
167,float_req_bl_1271a.c,True,True
168,double_req_bl_1091.c,True,True
169,double_req_bl_0620b.c,True,True
170,double_req_bl_0270b.c,True,True
171,float_req_bl_0281.c,True,True
172,double_req_bl_1250.c,True,True
173,double_req_bl_0833.c,True,True
174,double_req_bl_0682a.c,True,True
175,float_req_bl_0682a.c,True,True
176,float_req_bl_0270b.c,True,True
177,float_req_bl_0620b.c,True,True
178,float_req_bl_1011a.c,True,True
179,float_req_bl_0661b.c,True,True
180,double_req_bl_0661b.c,True,True
181,float_req_bl_0250a.c,True,True
182,double_req_bl_1092d.c,True,True
183,double_req_bl_1011a.c,True,True
184,float_req_bl_1271b.c,True,True
185,double_req_bl_0250a.c,True,True
186,float_req_bl_1092d.c,True,True
187,double_req_bl_0981.c,True,True
188,float_req_bl_0621b.c,True,True
189,float_req_bl_1270b.c,True,True
190,double_req_bl_1231b.c,True,True
191,float_req_bl_1010.c,True,True
192,float_req_bl_1122b.c,True,True
193,double_req_bl_1211a.c,True,True
194,double_req_bl_0660b.c,False,False
195,float_req_bl_1270c.c,True,True
196,double_req_bl_1092a.c,True,True
197,double_req_bl_0832.c,True,True
198,double_req_bl_0683a.c,True,True
199,double_req_bl_1122b.c,True,True
200,float_req_bl_1211a.c,True,True
201,float_req_bl_1092a.c,True,True
202,float_req_bl_0660b.c,False,False
203,float_req_bl_0720.c,True,True
204,double_req_bl_0621b.c,True,True
205,float_req_bl_1092c.c,True,True
206,float_req_bl_1210.c,True,False
207,double_req_bl_1092c.c,True,True
208,float_req_bl_0480.c,True,True
209,float_req_bl_0621a.c,False,False
210,float_req_bl_1270a.c,True,True
211,float_req_bl_0683a.c,True,True
212,float_req_bl_1122a.c,True,True
213,double_req_bl_1211b.c,True,True
214,double_req_bl_1092b.c,True,True
215,double_req_bl_0683b.c,True,True
216,double_req_bl_1122a.c,True,True
217,float_req_bl_1211b.c,True,True
218,double_req_bl_0660a.c,True,True
219,float_req_bl_1092b.c,True,True
220,double_req_bl_0834.c,True,True
221,double_req_bl_0621a.c,False,False
222,float_req_bl_0660a.c,True,True
223,float_req_bl_0683b.c,True,True
224,pals_lcr.7.1.ufo.BOUNDED-14.pals.c,False,True
225,pals_opt-floodmax.3.ufo.BOUNDED-6.pals.c,True,True
226,pals_floodmax.3.3.ufo.UNBOUNDED.pals.c,False,True
227,pals_opt-floodmax.3_overflow.ufo.UNBOUNDED.pals.c,False,True
228,pals_STARTPALS_ActiveStandby.4_2.ufo.UNBOUNDED.pals.c,False,True
229,pals_floodmax.3.4.ufo.UNBOUNDED.pals.c,False,True
230,pals_lcr-var-start-time.4.ufo.UNBOUNDED.pals.c,True,True
231,pals_lcr-var-start-time.3.1.ufo.UNBOUNDED.pals.c,False,True
232,pals_lcr.4.ufo.UNBOUNDED.pals.c,True,True
233,pals_opt-floodmax.3.2.ufo.BOUNDED-6.pals.c,False,True
234,pals_lcr.5_overflow.ufo.UNBOUNDED.pals.c,False,True
235,pals_floodmax.3.ufo.UNBOUNDED.pals.c,True,True
236,pals_lcr.6.1.ufo.UNBOUNDED.pals.c,False,True
237,pals_lcr-var-start-time.3.ufo.UNBOUNDED.pals.c,True,True
238,pals_opt-floodmax.3.1.ufo.BOUNDED-6.pals.c,False,True
239,pals_lcr.7.ufo.UNBOUNDED.pals.c,True,True
240,pals_lcr-var-start-time.6.ufo.BOUNDED-12.pals.c,True,True
241,pals_STARTPALS_ActiveStandby.4_1.ufo.UNBOUNDED.pals.c,False,True
242,pals_lcr.7.ufo.BOUNDED-14.pals.c,True,True
243,pals_lcr-var-start-time.3.2.ufo.UNBOUNDED.pals.c,False,True
244,pals_lcr-var-start-time.6.ufo.UNBOUNDED.pals.c,True,True
245,pals_lcr.7.1.ufo.UNBOUNDED.pals.c,False,True
246,pals_floodmax.3.1.ufo.UNBOUNDED.pals.c,False,True
247,pals_STARTPALS_ActiveStandby.1.ufo.UNBOUNDED.pals.c,False,True
248,pals_lcr.6.ufo.UNBOUNDED.pals.c,True,True
249,pals_lcr-var-start-time.6.2.ufo.UNBOUNDED.pals.c,False,True
250,pals_lcr.5.ufo.BOUNDED-10.pals.c,True,True
251,pals_STARTPALS_ActiveStandby.5.ufo.UNBOUNDED.pals.c,False,True
252,pals_lcr.4.ufo.BOUNDED-8.pals.c,True,True
253,pals_lcr.5.ufo.UNBOUNDED.pals.c,True,True
254,pals_opt-floodmax.3.3.ufo.BOUNDED-6.pals.c,False,True
255,pals_lcr-var-start-time.6.1.ufo.UNBOUNDED.pals.c,False,True
256,pals_opt-floodmax.3.4.ufo.BOUNDED-6.pals.c,False,True
257,pals_lcr-var-start-time.5.ufo.UNBOUNDED.pals.c,True,True
258,pals_lcr-var-start-time.4.ufo.BOUNDED-8.pals.c,True,True
259,pals_floodmax.3.2.ufo.UNBOUNDED.pals.c,False,True
260,pals_lcr.6_overflow.ufo.UNBOUNDED.pals.c,False,True
261,pals_lcr-var-start-time.5.2.ufo.BOUNDED-10.pals.c,False,True
262,pals_lcr-var-start-time.4.2.ufo.UNBOUNDED.pals.c,False,True
263,pals_lcr-var-start-time.3.2.ufo.BOUNDED-6.pals.c,False,True
264,pals_lcr-var-start-time.6.2.ufo.BOUNDED-12.pals.c,False,True
265,pals_STARTPALS_Triplicated.2.ufo.BOUNDED-10.pals.c,False,True
266,pals_floodmax.3_overflow.ufo.UNBOUNDED.pals.c,False,True
267,pals_lcr.5.1.ufo.BOUNDED-10.pals.c,False,True
268,pals_opt-floodmax.3.1.ufo.UNBOUNDED.pals.c,False,True
269,pals_lcr.4.1.ufo.BOUNDED-8.pals.c,False,True
270,pals_floodmax.3.ufo.BOUNDED-6.pals.c,True,True
271,pals_lcr.5.1.ufo.UNBOUNDED.pals.c,False,True
272,pals_lcr.6.1.ufo.BOUNDED-12.pals.c,False,True
273,pals_lcr.7_overflow.ufo.UNBOUNDED.pals.c,False,True
274,pals_lcr.6.ufo.BOUNDED-12.pals.c,True,True
275,pals_opt-floodmax.3.2.ufo.UNBOUNDED.pals.c,False,True
276,pals_lcr-var-start-time.3.ufo.BOUNDED-6.pals.c,True,True
277,pals_floodmax.3.4.ufo.BOUNDED-6.pals.c,False,True
278,pals_lcr-var-start-time.4.1.ufo.UNBOUNDED.pals.c,False,True
279,pals_floodmax.3.3.ufo.BOUNDED-6.pals.c,False,True
280,pals_lcr.3.ufo.BOUNDED-6.pals.c,True,True
281,pals_lcr-var-start-time.3.1.ufo.BOUNDED-6.pals.c,False,True
282,pals_STARTPALS_Triplicated.ufo.BOUNDED-10.pals.c,True,True
283,pals_opt-floodmax.3.ufo.UNBOUNDED.pals.c,True,True
284,pals_floodmax.3.2.ufo.BOUNDED-6.pals.c,False,True
285,pals_lcr.4_overflow.ufo.UNBOUNDED.pals.c,False,True
286,pals_lcr-var-start-time.4.1.ufo.BOUNDED-8.pals.c,False,True
287,pals_opt-floodmax.3.4.ufo.UNBOUNDED.pals.c,False,True
288,pals_opt-floodmax.3.3.ufo.UNBOUNDED.pals.c,False,True
289,pals_STARTPALS_ActiveStandby.ufo.UNBOUNDED.pals.c,True,True
290,pals_lcr-var-start-time.5.1.ufo.UNBOUNDED.pals.c,False,True
291,pals_lcr-var-start-time.5.2.ufo.UNBOUNDED.pals.c,False,True
292,pals_lcr-var-start-time.5.1.ufo.BOUNDED-10.pals.c,False,True
293,pals_lcr.3.1.ufo.BOUNDED-6.pals.c,False,True
294,pals_floodmax.3.1.ufo.BOUNDED-6.pals.c,False,True
295,pals_lcr.4.1.ufo.UNBOUNDED.pals.c,False,True
296,pals_STARTPALS_Triplicated.1.ufo.BOUNDED-10.pals.c,False,True
297,pals_lcr-var-start-time.5.ufo.BOUNDED-10.pals.c,True,True
298,pals_lcr-var-start-time.6.1.ufo.BOUNDED-12.pals.c,False,True
299,pals_lcr-var-start-time.4.2.ufo.BOUNDED-8.pals.c,False,True
300,square_5+soft_float_4-3a.c.cil.c,True,False
301,square_7+soft_float_1-2a.c.cil.c,False,False
302,pc_sfifo_2.cil-1+token_ring.02.cil-1.c,True,True
303,square_5+soft_float_2a.c.cil.c,False,False
304,square_4+soft_float_3a.c.cil.c,False,False
305,pc_sfifo_1.cil-1+token_ring.01.cil-1.c,False,True
306,square_6+soft_float_5a.c.cil.c,False,False
307,square_6+soft_float_4-2a.c.cil.c,False,False
308,square_4+soft_float_1-3a.c.cil.c,True,False
309,square_1+soft_float_4-2a.c.cil.c,True,False
310,pc_sfifo_3.cil+token_ring.01.cil-1.c,True,True
311,square_2+soft_float_5a.c.cil.c,True,False
312,square_8+soft_float_1-2a.c.cil.c,False,False
313,square_1+soft_float_2a.c.cil.c,True,False
314,square_5+soft_float_1-2a.c.cil.c,False,False
315,square_7+soft_float_4-3a.c.cil.c,True,False
316,pc_sfifo_1.cil-2+token_ring.01.cil-1.c,True,True
317,pc_sfifo_3.cil+token_ring.01.cil-2.c,False,True
318,pc_sfifo_1.cil-2+token_ring.01.cil-2.c,False,True
319,square_1+soft_float_5a.c.cil.c,True,False
320,square_3+soft_float_3a.c.cil.c,True,False
321,square_2+soft_float_2a.c.cil.c,True,False
322,pc_sfifo_2.cil-2+token_ring.02.cil-1.c,False,True
323,square_6+soft_float_1-3a.c.cil.c,True,False
324,square_4+soft_float_4-2a.c.cil.c,False,False
325,square_3+soft_float_4-2a.c.cil.c,True,False
326,square_6+soft_float_2a.c.cil.c,False,False
327,square_5+soft_float_5a.c.cil.c,False,False
328,square_8+soft_float_3a.c.cil.c,False,False
329,square_8+soft_float_4-3a.c.cil.c,True,False
330,pc_sfifo_1.cil-2+token_ring.02.cil-1.c,True,True
331,square_2+soft_float_1-2a.c.cil.c,True,False
332,square_7+soft_float_3a.c.cil.c,False,False
333,square_3+soft_float_1-2a.c.cil.c,True,False
334,pc_sfifo_1.cil-2+token_ring.02.cil-2.c,False,True
335,square_3+soft_float_5a.c.cil.c,True,False
336,pc_sfifo_2.cil-2+token_ring.01.cil-1.c,False,True
337,square_8+soft_float_1-3a.c.cil.c,True,False
338,square_1+soft_float_3a.c.cil.c,True,False
339,square_2+soft_float_4-2a.c.cil.c,True,False
340,square_7+soft_float_5a.c.cil.c,False,False
341,square_5+soft_float_4-2a.c.cil.c,False,False
342,pc_sfifo_2.cil-1+token_ring.01.cil-2.c,False,True
343,square_7+soft_float_1-3a.c.cil.c,True,False
344,square_5+soft_float_3a.c.cil.c,False,False
345,square_4+soft_float_2a.c.cil.c,False,False
346,pc_sfifo_2.cil-1+token_ring.01.cil-1.c,True,True
347,square_8+soft_float_5a.c.cil.c,False,False
348,square_4+soft_float_1-2a.c.cil.c,False,False
349,square_6+soft_float_4-3a.c.cil.c,True,False
350,square_1+soft_float_1-2a.c.cil.c,True,False
351,square_6+soft_float_3a.c.cil.c,False,False
352,square_8+soft_float_2a.c.cil.c,False,False
353,square_4+soft_float_5a.c.cil.c,False,False
354,square_8+soft_float_4-2a.c.cil.c,False,False
355,square_5+soft_float_1-3a.c.cil.c,True,False
356,square_7+soft_float_2a.c.cil.c,False,False
357,square_7+soft_float_4-2a.c.cil.c,False,False
358,pc_sfifo_1.cil-1+token_ring.02.cil-1.c,False,True
359,square_2+soft_float_3a.c.cil.c,True,False
360,square_3+soft_float_2a.c.cil.c,True,False
361,square_6+soft_float_1-2a.c.cil.c,False,False
362,square_4+soft_float_4-3a.c.cil.c,True,False
363,modnf.c,True,False
364,sina1.c,False,False
365,ifeqn3f.c,True,False
366,pcompf.c,True,False
367,ncomp.c,False,False
368,ifeqn2f.c,True,False
369,s5iff.c,True,False
370,sina2.c,False,False
371,sqm-if.c,False,False
372,brs1f.c,True,False
373,nsqmf.c,True,False
374,indp4.c,False,False
375,ncompf.c,True,False
376,condaf.c,True,False
377,ss1f.c,True,False
378,condg.c,False,False
379,ifcomp.c,False,False
380,s4lif.c,False,False
381,indp4f.c,True,False
382,eqn1f.c,True,False
383,condmf.c,True,False
384,res1.c,False,False
385,sina3.c,False,False
386,indp2.c,False,False
387,modn.c,False,False
388,nsqm-if.c,False,False
389,conda.c,False,False
390,s22if.c,False,False
391,sina4.c,False,False
392,ifeqn5f.c,True,False
393,pcomp.c,False,False
394,s1iff.c,True,False
395,ms1f.c,True,False
396,indp3.c,False,False
397,s42iff.c,True,False
398,s4liff.c,True,False
399,sina1f.c,True,False
400,indp2f.c,True,False
401,s5liff.c,True,False
402,modpf.c,True,False
403,s2lif.c,False,False
404,s42if.c,False,False
405,ifeqn4f.c,True,False
406,s3iff.c,True,False
407,sqmf.c,True,False
408,res1of.c,True,False
409,nsqm-iff.c,True,False
410,indp5f.c,True,False
411,brs4f.c,True,False
412,brs4.c,False,False
413,eqn5.c,False,False
414,indp5.c,False,False
415,eqn4.c,False,False
416,s52iff.c,True,False
417,condgf.c,True,False
418,indp3f.c,True,False
419,brs5.c,False,False
420,s2if.c,False,False
421,res1f.c,True,False
422,ms3f.c,True,False
423,ifcompf.c,True,False
424,ss1.c,False,False
425,eqn4f.c,True,False
426,sqm.c,False,False
427,sina2f.c,True,False
428,indp1f.c,True,False
429,s12if.c,False,False
430,brs2.c,False,False
431,eqn3.c,False,False
432,eqn5f.c,True,False
433,modsf.c,True,False
434,eqn2.c,False,False
435,ms2f.c,True,False
436,s32if.c,False,False
437,brs3.c,False,False
438,s1liff.c,True,False
439,ss4f.c,True,False
440,s5lif.c,False,False
441,sqm-iff.c,True,False
442,brs1.c,False,False
443,array26_pattern.c,True,True
444,s4if.c,False,False
445,s4iff.c,True,False
446,eqn1.c,False,False
447,brs5f.c,True,False
448,s12iff.c,True,False
449,ms5f.c,True,False
450,s1lif.c,False,False
451,sina3f.c,True,False
452,s3if.c,False,False
453,eqn2f.c,True,False
454,res1o.c,False,False
455,ss4.c,False,False
456,ifncomp.c,False,False
457,condm.c,False,False
458,ifeqn5.c,False,False
459,s3liff.c,True,False
460,ifeqn1f.c,True,False
461,brs2f.c,True,False
462,ms5.c,False,False
463,s1if.c,False,False
464,ms4.c,False,False
465,ifeqn4.c,False,False
466,s32iff.c,True,False
467,s5if.c,False,False
468,s2iff.c,True,False
469,ms1.c,False,False
470,brs3f.c,True,False
471,ss3.c,False,False
472,sina4f.c,True,False
473,ifeqn1.c,False,False
474,sina5.c,False,False
475,ifeqn3.c,False,False
476,eqn3f.c,True,False
477,s22iff.c,True,False
478,ms3.c,False,False
479,ms2.c,False,False
480,s3lif.c,False,False
481,ms4f.c,True,False
482,nsqm.c,False,False
483,s2liff.c,True,False
484,ifeqn2.c,False,False
485,ifncompf.c,True,False
486,float11.c,True,True
487,modp.c,False,False
488,float12.c,True,True
489,float2.c,True,True
490,float3.c,True,True
491,float1.c,True,True
492,float5.c,False,False
493,s52if.c,False,False
494,float-to-double2.c,True,True
495,float6.c,False,False
496,float-no-simp7.c,False,False
497,float-no-simp6.c,True,True
498,float13.c,True,True
499,float-no-simp3.c,True,True
500,float-no-simp1.c,True,True
501,mods.c,False,False
502,float20.i,False,False
503,simple_1-1_abstracted.c,True,False
504,float22.i,True,True
505,multivar_1-2.c,True,False
506,simple_4-2_abstracted.c,False,False
507,simple_1-2_abstracted.c,True,True
508,simple_4-1_abstracted.c,True,False
509,phases_2-1.c,True,False
510,underapprox_1-1.c,True,False
511,underapprox_1-2.c,True,True
512,simple_2-2.c,True,False
513,ss3f.c,True,False
514,underapprox_2-1.c,True,False
515,underapprox_2-2.c,True,True
516,simple_2-1_abstracted.c,False,False
517,simple_3-1.c,True,False
518,transmitter.02.cil.c,False,True
519,token_ring.04.cil-2.c,False,True
520,token_ring.04.cil-1.c,True,True
521,pipeline.cil-2.c,True,True
522,transmitter.03.cil.c,False,True
523,kundu2.cil.c,False,True
524,pipeline.cil-1.c,False,True
525,pc_sfifo_2.cil-2.c,False,True
526,token_ring.05.cil-2.c,False,True
527,transmitter.01.cil.c,False,True
528,pc_sfifo_2.cil-1.c,True,True
529,token_ring.05.cil-1.c,True,True
530,token_ring.03.cil-2.c,True,True
531,token_ring.03.cil-1.c,False,True
532,array28_pattern.c,True,True
533,pc_sfifo_1.cil-2.c,True,True
534,pc_sfifo_1.cil-1.c,True,False
535,ssina.c,False,False
536,toy.cil.c,True,True
537,transmitter.05.cil.c,False,True
538,toy1.cil.c,False,True
539,transmitter.04.cil.c,False,True
540,transmitter.06.cil.c,False,True
541,kundu.cil.c,True,True
542,bist_cell.cil.c,True,True
543,toy2.cil.c,False,True
544,signextension2-2.c,True,False
545,implicitfloatconversion.c,True,False
546,integerpromotion-3.c,True,False
547,signextension2-1.c,True,True
548,integerpromotion-2.c,True,True
549,signextension-1.c,True,False
550,signextension-2.c,True,True
551,implicitunsignedconversion-2.c,True,True
552,implicitunsignedconversion-1.c,True,False
553,ps2-ll.c,True,True
554,hard2.c,True,True
555,geo1-ll.c,False,False
556,sqrt1-ll.c,True,True
557,cohencu-ll.c,True,True
558,ssinaf.c,True,False
559,ps4-ll.c,True,True
560,ps6-ll.c,True,True
561,sina5f.c,True,False
562,hard-u.c,False,True
563,cohendiv-ll.c,False,False
564,ps3-ll.c,True,True
565,ps5-ll.c,True,True
566,freire1.c,True,False
567,aiob_2.c,True,True
568,mannadiv.c,True,True
569,aiob_3.c,True,True
570,aiob_1.c,True,True
571,aiob_4.c,True,True
572,mod3.c.v+sep-reducer.c,True,True
573,mod3.c.v+lhb-reducer.c,True,True
574,egcd3-ll.c,True,True
575,mod3.c.v+cfa-reducer.c,True,True
576,egcd-ll.c,True,True
577,sumt5.c,True,True
578,hard-ll.c,True,True
579,sumt4.c,True,True
580,sumt6.c,True,True
581,iftelse.c,True,True
582,sumt7.c,True,True
583,freire2.c,True,False
584,nested3-2_abstracted.c,True,False
585,nested3-1_abstracted.c,False,False
586,sumt9.c,True,True
587,sumt8.c,True,True
588,mod3.c,True,True
589,array_init_pair_symmetr.c,True,True
590,sum_by_3_abstracted.c,True,True
591,array_tiling_tcpy.c,False,False
592,array_init_pair_symmetr2.c,True,True
593,jm2006.c.i.v+cfa-reducer.c,True,True
594,array_init_var_plus_ind3.c,True,True
595,gsv2008.c.i.v+cfa-reducer.c,True,True
596,gsv2008.c.i.p+cfa-reducer.c,True,True
597,loop2-2.c,False,False
598,gsv2008.c.i.v+lhb-reducer.c,True,True
599,loop2-1.c,True,False
600,loop1-2.c,True,False
601,loop3.c,True,True
602,loop1-1.c,True,True
603,diamond_2-1.c,True,False
604,psyco_security.c,True,True
605,fibo_2calls_15-1.c,False,True
606,psyco_io_1.c,True,True
607,fibo_2calls_15-2.c,True,True
608,fibo_2calls_10-1.c,True,True
609,fibo_2calls_10-2.c,False,True
610,fibo_2calls_25-1.c,False,True
611,fibo_2calls_25-2.c,True,True
612,fibo_2calls_20-1.c,False,True
613,fibo_2calls_20-2.c,True,True
614,sin_interpolated_negation.c,True,True
615,sqrt_Householder_constant.c.p+cfa-reducer.c,True,True
616,zonotope_loose.c.v+cfa-reducer.c,True,True
617,sqrt_poly.c,False,False
618,zonotope_loose.c,False,False
619,float_double.c,True,True
620,sqrt_Householder_interval.c,False,False
621,filter2_iterated.c,True,True
622,sqrt_Householder_constant.c,True,True
623,cast_float_ptr.c,True,False
624,filter_iir.c,False,False
625,nan_double_range.c,True,True
626,exp_loop.c,False,False
627,array_min_and_copy_shift_sum_add.c,False,False
628,sqrt_Householder_pseudoconstant.c,False,False
629,sin_interpolated_index-1.c,True,False
630,cast_union_tight.c,True,False
631,nan_float.c,True,False
632,sqrt_Newton_pseudoconstant.c,False,False
633,nan_float_range.c,True,True
634,addsub_double_exact.c,True,True
635,addsub_float_exact.c,True,True
636,addsub_float_inexact.c,False,False
637,Rump_double.c,True,True
638,sqrt_biNewton_pseudoconstant.c,False,False
639,inv_square-2.c,True,True
640,zonotope_tight.c,False,False
641,inv_square-1.c,False,True
642,inv_sqrt_Quake.c,False,False
643,inv_Newton-2.c,True,False
644,inv_Newton-1.c,False,False
645,image_filter.c,True,True
646,cast_union_loose.c,True,False
647,inv_sqrt_Quake.c.v+cfa-reducer.c,True,True
648,sqrt_poly2.c,True,False
649,Rump_float.c,True,True
650,mea8000.c,True,True
651,filter2_alt.c,True,True
652,cast_float_union.c,True,True
653,nan_double.c,True,False
654,Ackermann01-2.c,True,True
655,Ackermann03.c,True,True
656,Ackermann04.c,True,True
657,zero_sum_const1.c,False,False
658,array_init_var_plus_ind2.c,True,True
659,inv_Newton.c.p+cfa-reducer.c,False,True
660,poly2.c,False,False
661,apache-get-tag.i.v+nlh-reducer.c,True,True
662,zero_sum_const2.c,False,False
663,s3_clnt_3.BV.c.cil-1a.c,True,True
664,apache-get-tag.i.p+lhb-reducer.c,True,True
665,s3_clnt_2.BV.c.cil-1a.c,True,True
666,s3_srvr_3a.BV.c.cil.c,True,True
667,num_conversion_1.c,True,True
668,s3_srvr_1a.BV.c.cil.c,True,True
669,s3_srvr_3a_alt.BV.c.cil.c,True,True
670,s3_clnt_2.BV.c.cil-2a.c,False,True
671,s3_clnt_3.BV.c.cil-2a.c,False,True
672,num_conversion_2.c,True,True
673,gcd_1.c,True,True
674,s3_srvr_1b.cil.c,True,True
675,pals_lcr-var-start-time.4.ufo.UNBOUNDED.pals.c.v+cfa-reducer.c,True,True
676,pals_lcr.3.ufo.BOUNDED-6.pals.c.v+nlh-reducer.c,True,True
677,pals_lcr.5.1.ufo.BOUNDED-10.pals.c.v+cfa-reducer.c,False,True
678,zero_sum_const_m2.c,False,False
679,pals_lcr.4.ufo.BOUNDED-8.pals.c.v+cfa-reducer.c,True,True
680,pals_lcr.6.1.ufo.UNBOUNDED.pals.c.v+cfa-reducer.c,False,True
681,pals_lcr.3.ufo.BOUNDED-6.pals.c.v+cfa-reducer.c,True,True
682,pals_lcr.4.1.ufo.BOUNDED-8.pals.c.v+cfa-reducer.c,False,True
683,pals_lcr.6.ufo.BOUNDED-12.pals.c.v+cfa-reducer.c,True,True
684,pals_lcr.5.1.ufo.UNBOUNDED.pals.c.v+cfa-reducer.c,False,True
685,pals_lcr-var-start-time.4.1.ufo.BOUNDED-8.pals.c.v+cfa-reducer.c,False,True
686,pals_lcr-var-start-time.5.2.ufo.UNBOUNDED.pals.c.v+cfa-reducer.c,False,True
687,pals_lcr.5.ufo.UNBOUNDED.pals.c.v+cfa-reducer.c,True,True
688,pals_lcr.6.1.ufo.BOUNDED-12.pals.c.v+cfa-reducer.c,False,True
689,pals_lcr.6.ufo.UNBOUNDED.pals.c.v+cfa-reducer.c,True,True
690,pals_lcr.3.ufo.UNBOUNDED.pals.c.v+nlh-reducer.c,True,True
691,pals_lcr-var-start-time.4.2.ufo.BOUNDED-8.pals.c.v+cfa-reducer.c,False,True
692,pals_lcr.4.ufo.UNBOUNDED.pals.c.v+cfa-reducer.c,True,True
693,pals_lcr-var-start-time.3.2.ufo.UNBOUNDED.pals.c.v+cfa-reducer.c,False,True
694,pals_lcr.5.ufo.BOUNDED-10.pals.c.v+cfa-reducer.c,True,True
695,pals_lcr-var-start-time.3.ufo.BOUNDED-6.pals.c.v+cfa-reducer.c,True,True
696,pals_lcr-var-start-time.4.ufo.BOUNDED-8.pals.c.v+cfa-reducer.c,True,True
697,pals_lcr-var-start-time.3.1.ufo.UNBOUNDED.pals.c.v+cfa-reducer.c,False,True
698,pals_lcr.3.1.ufo.UNBOUNDED.pals.c.v+nlh-reducer.c,False,True
699,pals_lcr-var-start-time.4.1.ufo.UNBOUNDED.pals.c.v+cfa-reducer.c,False,True
700,pals_lcr-var-start-time.3.2.ufo.BOUNDED-6.pals.c.v+cfa-reducer.c,False,True
701,pals_lcr-var-start-time.3.ufo.UNBOUNDED.pals.c.v+cfa-reducer.c,True,True
702,pals_lcr-var-start-time.3.1.ufo.BOUNDED-6.pals.c.v+cfa-reducer.c,False,True
703,pals_lcr-var-start-time.4.2.ufo.UNBOUNDED.pals.c.v+cfa-reducer.c,False,True
704,pals_lcr.3.1.ufo.BOUNDED-6.pals.c.v+nlh-reducer.c,False,True
705,pals_lcr.4.1.ufo.UNBOUNDED.pals.c.v+cfa-reducer.c,False,True
706,pals_lcr.3.1.ufo.BOUNDED-6.pals.c.v+cfa-reducer.c,False,True
707,partial_mod_count_limited_base.c,True,True
708,AllInterval-012.c,False,True
709,AllInterval-014.c,False,True
710,Dubois-015.c,True,True
711,partial_mod_count_limited_4.c,True,True
712,AllInterval-015.c,False,True
713,AllInterval-013.c,False,True
714,AllInterval-011.c,False,True
715,AllInterval-016.c,False,True
716,count_up_down-2.c,True,False
717,partial_mod_count_limited_5.c,True,True
718,terminator_02-2_abstracted.c,True,True
719,trex03-2_abstracted.c,False,False
720,partial_mod_count_limited_2.c,True,True
721,nec20.c,False,True
722,trex03-1.c,True,False
723,partial_mod_count_limited_3.c,True,True
724,eureka_01-2.c,True,True
725,array-2.c,True,False
726,trex01-1.c,False,True
727,ludcmp.c,True,False
728,lu.cmp.c,True,True
729,linear_sea.ch.c,False,False
730,AllInterval-010.c,False,True
731,matrix-1.c,True,True
732,while_infinite_loop_3.c,True,True
733,while_infinite_loop_4.c,True,False
734,linear_search.c,True,False
735,invert_string-3.c,True,True
736,trex04_abstracted.c,False,False
737,test20.c,True,True
738,test28-1.c,False,True
739,test30-2.c,True,False
740,test29-1.c,True,False
741,test21-2.c,True,False
742,sizeofparameters_test.c,False,False
743,test01.c,True,True
744,test_address.c,True,True
745,test02.c,True,False
746,test17.c,True,True
747,test13.c,True,True
748,test12.c,True,False
749,Haystacks-06.c,True,True
750,test26-2.c,True,False
751,freire1_unwindbound50.c,True,False
752,hard2_valuebound20.c,True,True
753,ps2-ll_valuebound2.c,True,True
754,ps6-ll_unwindbound10.c,False,True
755,hard-ll_unwindbound1.c,True,False
756,hard2_unwindbound10.c,False,True
757,cohencu-ll_valuebound50.c,True,True
758,hard2_unwindbound1.c,True,False
759,freire1_unwindbound1.c,True,False
760,trex03-2.c,True,True
761,ps5-ll_unwindbound20.c,False,True
762,terminator_02-2.c,True,True
763,ps3-ll_unwindbound10.c,True,True
764,egcd-ll_unwindbound20.c,False,True
765,ps3-ll_valuebound50.c,True,True
766,ps2-ll_valuebound1.c,True,True
767,hard-ll_unwindbound2.c,True,False
768,ps2-ll_valuebound50.c,True,True
769,hard2_unwindbound2.c,True,False
770,ps5-ll_unwindbound100.c,False,True
771,geo1-ll_unwindbound5.c,False,False
772,freire1_unwindbound2.c,True,False
773,egcd3-ll_valuebound100.c,True,True
774,freire2_unwindbound20.c,True,False
775,hard-u_valuebound5.c,True,True
776,hard-ll_valuebound20.c,True,True
777,egcd3-ll_valuebound5.c,True,True
778,ps4-ll_valuebound50.c,True,True
779,freire2_valuebound5.c,True,False
780,geo1-ll_unwindbound1.c,False,False
781,hard-u_valuebound1.c,True,True
782,ps5-ll_valuebound50.c,True,True
783,ps2-ll_valuebound5.c,True,True
784,geo1-ll_valuebound20.c,False,False
785,egcd3-ll_valuebound2.c,True,True
786,freire2_valuebound10.c,True,False
787,cohencu-ll_unwindbound50.c,False,True
788,ps4-ll_unwindbound50.c,False,True
789,freire1_unwindbound5.c,True,False
790,sqrt1-ll_unwindbound50.c,True,True
791,geo1-ll_unwindbound2.c,False,False
792,ps6-ll_valuebound50.c,True,True
793,hard2_unwindbound5.c,False,True
794,geo1-ll_unwindbound10.c,False,False
795,hard-u_valuebound2.c,True,True
796,freire2_valuebound1.c,True,False
797,egcd3-ll_valuebound50.c,True,True
798,egcd3-ll_unwindbound20.c,False,True
799,ps5-ll_valuebound100.c,True,True
800,hard-ll_unwindbound5.c,False,True
801,egcd3-ll_valuebound1.c,True,True
802,ps6-ll_unwindbound2.c,True,False
803,geo1-ll_valuebound50.c,False,False
804,ps2-ll_unwindbound5.c,True,True
805,freire2_valuebound100.c,True,False
806,egcd-ll_valuebound50.c,True,True
807,freire2_valuebound2.c,True,False
808,cohendiv-ll_unwindbound100.c,False,False
809,ps4-ll_unwindbound1.c,True,False
810,ps5-ll_valuebound20.c,True,True
811,egcd2-ll_unwindbound1.c,True,False
812,freire2_unwindbound100.c,True,False
813,egcd3-ll_unwindbound1.c,True,False
814,ps3-ll_unwindbound5.c,True,True
815,egcd-ll_valuebound100.c,True,True
816,ps5-ll_unwindbound1.c,True,False
817,egcd3-ll_valuebound20.c,True,True
818,ps4-ll_valuebound20.c,True,True
819,mannadiv_valuebound2.c,True,True
820,ps6-ll_unwindbound1.c,True,False
821,egcd-ll_unwindbound1.c,True,False
822,mannadiv_unwindbound10.c,False,True
823,mannadiv_valuebound10.c,True,True
824,hard-ll_unwindbound10.c,False,True
825,ps4-ll_unwindbound2.c,True,False
826,egcd3-ll_unwindbound2.c,True,False
827,ps4-ll_valuebound5.c,True,True
828,ps2-ll_unwindbound10.c,True,True
829,ps6-ll_valuebound20.c,True,True
830,ps4-ll_unwindbound20.c,False,True
831,cohendiv-ll_unwindbound10.c,False,False
832,sqrt1-ll_unwindbound20.c,True,True
833,cohencu-ll_valuebound5.c,True,True
834,cohencu-ll_unwindbound20.c,False,True
835,egcd3-ll_unwindbound50.c,False,True
836,ps5-ll_unwindbound2.c,True,False
837,egcd-ll_valuebound20.c,True,True
838,mannadiv_valuebound1.c,True,True
839,cohencu-ll_unwindbound5.c,False,True
840,egcd-ll_unwindbound2.c,True,False
841,hard-u_valuebound10.c,True,True
842,cohencu-ll_unwindbound1.c,True,False
843,ps3-ll_unwindbound100.c,True,True
844,cohencu-ll_valuebound1.c,True,True
845,ps5-ll_unwindbound50.c,False,True
846,sqrt1-ll_valuebound10.c,True,True
847,hard-u_unwindbound10.c,False,True
848,dijkstra-u_unwindbound10.c,False,True
849,ps4-ll_valuebound1.c,True,True
850,ps3-ll_unwindbound2.c,True,True
851,cohencu-ll_valuebound20.c,True,True
852,cohencu-ll_valuebound100.c,True,True
853,ps2-ll_unwindbound2.c,True,True
854,sqrt1-ll_valuebound100.c,True,True
855,ps4-ll_valuebound100.c,True,True
856,freire1_unwindbound20.c,True,False
857,hard2_valuebound50.c,True,True
858,ps6-ll_unwindbound5.c,False,True
859,hard-ll_valuebound50.c,True,True
860,freire2_unwindbound50.c,True,False
861,cohencu-ll_unwindbound2.c,True,False
862,cohencu-ll_valuebound2.c,True,True
863,ps5-ll_unwindbound5.c,False,True
864,mannadiv_valuebound5.c,True,True
865,egcd-ll_unwindbound50.c,False,True
866,ps4-ll_valuebound2.c,True,True
867,ps2-ll_valuebound20.c,True,True
868,ps3-ll_unwindbound1.c,True,True
869,ps4-ll_unwindbound5.c,True,False
870,freire1_unwindbound100.c,True,False
871,egcd3-ll_unwindbound5.c,False,True
872,egcd-ll_unwindbound5.c,False,True
873,ps3-ll_valuebound20.c,True,True
874,ps2-ll_unwindbound1.c,True,True
875,cohendiv-ll_valuebound10.c,False,False
876,cohendiv-ll_unwindbound1.c,True,True
877,ps2-ll_valuebound10.c,True,True
878,geo1-ll_valuebound2.c,False,False
879,sqrt1-ll_unwindbound2.c,True,True
880,cohendiv-ll_valuebound1.c,False,False
881,ps6-ll_valuebound5.c,True,True
882,hard-ll_valuebound2.c,True,True
883,ps3-ll_valuebound10.c,True,True
884,ps4-ll_unwindbound100.c,False,True
885,ps5-ll_valuebound1.c,True,True
886,cohendiv-ll_valuebound20.c,False,False
887,mannadiv_unwindbound5.c,False,True
888,dijkstra-u_unwindbound20.c,False,True
889,ps3-ll_unwindbound50.c,True,True
890,sqrt1-ll_valuebound20.c,True,True
891,hard-u_unwindbound20.c,False,True
892,cohendiv-ll_unwindbound2.c,False,False
893,geo1-ll_valuebound1.c,False,False
894,sqrt1-ll_unwindbound1.c,True,True
895,mannadiv_valuebound100.c,True,True
896,egcd-ll_valuebound5.c,True,True
897,cohencu-ll_valuebound10.c,True,True
898,ps6-ll_unwindbound50.c,False,True
899,hard-u_unwindbound5.c,False,True
900,hard2_unwindbound50.c,False,True
901,cohendiv-ll_valuebound2.c,False,False
902,cohendiv-ll_valuebound100.c,False,False
903,freire1_unwindbound10.c,True,False
904,ps2-ll_valuebound100.c,True,True
905,hard-ll_valuebound100.c,True,True
906,ps5-ll_valuebound2.c,True,True
907,hard-ll_valuebound1.c,True,True
908,egcd-ll_unwindbound100.c,False,True
909,mannadiv_unwindbound100.c,False,True
910,ps6-ll_unwindbound100.c,False,True
911,mannadiv_unwindbound2.c,True,False
912,ps6-ll_valuebound2.c,True,True
913,hard-u_unwindbound1.c,True,False
914,sqrt1-ll_unwindbound5.c,True,True
915,mannadiv_unwindbound20.c,False,True
916,geo1-ll_valuebound5.c,False,False
917,ps2-ll_unwindbound20.c,True,True
918,geo1-ll_unwindbound50.c,False,False
919,hard-ll_unwindbound20.c,False,True
920,sqrt1-ll_unwindbound10.c,True,True
921,ps6-ll_valuebound10.c,True,True
922,ps4-ll_unwindbound10.c,False,True
923,hard-u_valuebound100.c,True,True
924,cohendiv-ll_unwindbound20.c,False,False
925,cohencu-ll_unwindbound10.c,False,True
926,hard-u_valuebound20.c,True,True
927,ps5-ll_valuebound5.c,True,True
928,mannadiv_unwindbound1.c,True,False
929,ps6-ll_valuebound1.c,True,True
930,bresenham-ll_unwindbound2.c,True,False
931,ps5-ll_valuebound10.c,True,True
932,cohendiv-ll_valuebound5.c,False,False
933,hard-ll_valuebound5.c,True,True
934,hard-u_unwindbound2.c,True,False
935,cohencu-ll_unwindbound100.c,False,True
936,cohendiv-ll_unwindbound5.c,False,False
937,ps4-ll_valuebound10.c,True,True
938,dijkstra-u_unwindbound100.c,False,True
939,bresenham-ll_unwindbound1.c,True,False
940,egcd3-ll_valuebound10.c,True,True
941,sqrt1-ll_valuebound2.c,True,True
942,ps6-ll_valuebound100.c,True,True
943,hard-u_valuebound50.c,True,True
944,dijkstra-u_unwindbound1.c,True,True
945,cohendiv-ll_unwindbound50.c,False,False
946,hard2_valuebound100.c,True,True
947,freire2_valuebound50.c,True,False
948,ps3-ll_valuebound5.c,True,True
949,geo1-ll_unwindbound100.c,False,False
950,geo1-ll_unwindbound20.c,False,False
951,egcd-ll_valuebound2.c,True,True
952,egcd3-ll_unwindbound100.c,False,True
953,ps2-ll_unwindbound50.c,True,True
954,ps3-ll_valuebound100.c,True,True
955,mannadiv_valuebound20.c,True,True
956,egcd3-ll_unwindbound10.c,False,True
957,hard-ll_unwindbound50.c,False,True
958,hard-u_unwindbound100.c,False,True
959,hard2_valuebound1.c,True,True
960,egcd-ll_valuebound10.c,True,True
961,sqrt1-ll_valuebound1.c,True,True
962,mannadiv_unwindbound50.c,False,True
963,dijkstra-u_unwindbound2.c,True,True
964,hard2_unwindbound100.c,False,True
965,egcd-ll_valuebound1.c,True,True
966,freire2_unwindbound2.c,True,False
967,hard2_valuebound2.c,True,True
968,geo1-ll_valuebound10.c,False,False
969,cohendiv-ll_valuebound50.c,False,False
970,mannadiv_valuebound50.c,True,True
971,ps3-ll_valuebound2.c,True,True
972,freire2_valuebound20.c,True,False
973,sqrt1-ll_valuebound5.c,True,True
974,geo1-ll_valuebound100.c,False,False
975,hard-ll_unwindbound100.c,False,True
976,freire2_unwindbound1.c,True,False
977,sqrt1-ll_unwindbound100.c,True,True
978,hard2_valuebound10.c,True,True
979,ps6-ll_unwindbound20.c,False,True
980,hard2_unwindbound20.c,False,True
981,ps2-ll_unwindbound100.c,True,True
982,hard2_valuebound5.c,True,True
983,ps3-ll_valuebound1.c,True,True
984,sqrt1-ll_valuebound50.c,True,True
985,egcd-ll_unwindbound10.c,False,True
986,ps5-ll_unwindbound10.c,False,True
987,freire2_unwindbound5.c,True,False
988,ps3-ll_unwindbound20.c,True,True
989,dijkstra-u_unwindbound5.c,False,True
990,hard-u_unwindbound50.c,False,True
991,nested_6.c,True,True
992,dijkstra-u_unwindbound50.c,False,True
993,freire2_unwindbound10.c,True,False
994,hard-ll_valuebound10.c,True,True
