file_path,result,line_number,label
algorithms/Tsp-FunUnsat01,UNKNOWN,0,UNK
algorithms/SortedListInsert-FunSat02,UNKNOWN,0,UNK
algorithms/SortedListInsert-FunUnsat01,UNKNOWN,0,UNK
algorithms/InsertionSort-FunUnsat01,UNKNOWN,0,UNK
algorithms/Tsp-MemSat01,UNKNOWN,0,UNK
algorithms/BellmanFord-MemUnsat01,UNKNOWN,0,UNK
algorithms/InsertionSort-FunSat02,UNKNOWN,0,UNK
algorithms/BellmanFord-MemSat02,UNKNOWN,0,UNK
algorithms/RedBlackTree-FunSat01,UNKNOWN,0,UNK
algorithms/BellmanFord-FunSat01,UNKNOWN,0,UNK
algorithms/Tsp-MemUnsat01,UNKNOWN,0,UNK
algorithms/MergeSortIterative-FunSat01,UNKNOWN,0,UNK
algorithms/InsertionSort-MemUnsat01,UNKNOWN,0,UNK
algorithms/BinaryTreeSearch-FunUnsat01,UNKNOWN,0,UNK
algorithms/RedBlackTree-FunUnsat01,UNKNOWN,0,UNK
algorithms/SortedListInsert-MemUnsat01,False,65,TN
algorithms/InsertionSort-FunSat01,UNKNOWN,0,UNK
algorithms/SortedListInsert-MemSat01,False,65,FN
algorithms/SortedListInsert-FunSat01,UNKNOWN,0,UNK
algorithms/MergeSortIterative-MemUnsat01,UNKNOWN,0,UNK
algorithms/Trie-MemUnsat01,UNKNOWN,0,UNK
algorithms/Trie-FunSat01,UNKNOWN,0,UNK
algorithms/MergeSortIterative-MemSat01,UNKNOWN,0,UNK
algorithms/Trie-FunUnsat01,UNKNOWN,0,UNK
algorithms/BinaryTreeSearch-MemUnsat01,False,105,TN
algorithms/Tsp-FunSat01,UNKNOWN,0,UNK
algorithms/BellmanFord-MemSat01,UNKNOWN,0,UNK
algorithms/RedBlackTree-MemSat01,UNKNOWN,0,UNK
algorithms/BellmanFord-FunUnsat01,UNKNOWN,0,UNK
algorithms/MergeSortIterative-FunSat02,UNKNOWN,0,UNK
algorithms/BinaryTreeSearch-MemUnsat02,False,69,TN
algorithms/BellmanFord-FunSat02,UNKNOWN,0,UNK
algorithms/MergeSortIterative-FunUnsat01,UNKNOWN,0,UNK
algorithms/BinaryTreeSearch-FunSat01,UNKNOWN,0,UNK
algorithms/Trie-MemSat01,UNKNOWN,0,UNK
algorithms/InsertionSort-MemSat01,UNKNOWN,0,UNK
algorithms/RedBlackTree-MemUnsat01,UNKNOWN,0,UNK
algorithms/BinaryTreeSearch-MemSat01,False,105,FN
algorithms/BellmanFord-FunUnsat02,UNKNOWN,0,UNK
algorithms/BellmanFord-MemUnsat02,UNKNOWN,0,UNK
jbmc-regression/bug-test-gen-095,UNKNOWN,0,UNK
jbmc-regression/StringBuilderCapLen03,UNKNOWN,0,UNK
jbmc-regression/StaticCharMethods01,UNKNOWN,0,UNK
jbmc-regression/StringConcatenation03,UNKNOWN,0,UNK
jbmc-regression/StringValueOf09,UNKNOWN,0,UNK
jbmc-regression/instanceof8,UNKNOWN,0,UNK
jbmc-regression/instanceof6,False,10,FN
jbmc-regression/RegexSubstitution01,UNKNOWN,0,UNK
jbmc-regression/ArrayIndexOutOfBoundsException3,False,13,TN
jbmc-regression/StringMiscellaneous04,UNKNOWN,0,UNK
jbmc-regression/calc,UNKNOWN,0,UNK
jbmc-regression/instanceof5,UNKNOWN,0,UNK
jbmc-regression/basic1,True,0,TP
jbmc-regression/ArrayIndexOutOfBoundsException1,False,12,TN
jbmc-regression/BufferedReaderReadLine,UNKNOWN,0,UNK
jbmc-regression/bug-test-gen-119-2,UNKNOWN,0,UNK
jbmc-regression/ArithmeticException6,False,17,TN
jbmc-regression/NullPointerException4,UNKNOWN,0,UNK
jbmc-regression/StringConcatenation02,UNKNOWN,0,UNK
jbmc-regression/RegexSubstitution02,UNKNOWN,0,UNK
jbmc-regression/synchronized,False,15,FN
jbmc-regression/StringConcatenation01,UNKNOWN,0,UNK
jbmc-regression/exceptions12,False,21,TN
jbmc-regression/catch1,False,17,FN
jbmc-regression/long1,UNKNOWN,0,UNK
jbmc-regression/StringBuilderChars05,UNKNOWN,0,UNK
jbmc-regression/char1,UNKNOWN,0,UNK
jbmc-regression/if_icmp1,True,0,TP
jbmc-regression/exceptions1,False,19,TN
jbmc-regression/assert6,True,0,TP
jbmc-regression/StringContains01,UNKNOWN,0,UNK
jbmc-regression/ifxx1,True,0,TP
jbmc-regression/assert5,True,0,TP
jbmc-regression/uninitialised1,False,10,FN
jbmc-regression/StringBuilderConstructors01,UNKNOWN,0,UNK
jbmc-regression/StringValueOf10,UNKNOWN,0,UNK
jbmc-regression/StringMiscellaneous01,UNKNOWN,0,UNK
jbmc-regression/StringConstructors04,UNKNOWN,0,UNK
jbmc-regression/exceptions3,False,17,TN
jbmc-regression/exceptions14,False,18,FN
jbmc-regression/return2,False,15,TN
jbmc-regression/exceptions13,False,29,TN
jbmc-regression/exceptions15,False,23,FN
jbmc-regression/StringCompare03,UNKNOWN,0,UNK
jbmc-regression/TokenTest01,UNKNOWN,0,UNK
jbmc-regression/exceptions16,False,29,TN
jbmc-regression/ArithmeticException5,False,15,FN
jbmc-regression/StringValueOf03,UNKNOWN,0,UNK
jbmc-regression/tableswitch1,True,0,TP
jbmc-regression/StringBuilderCapLen02,UNKNOWN,0,UNK
jbmc-regression/assert4,False,16,TN
jbmc-regression/CharSequenceBug,UNKNOWN,0,UNK
jbmc-regression/athrow1,False,12,TN
jbmc-regression/interface1,False,24,TN
jbmc-regression/RegexMatches02,UNKNOWN,0,UNK
jbmc-regression/ClassCastException2,False,17,FN
jbmc-regression/ArithmeticException1,False,17,TN
jbmc-regression/exceptions8,False,26,TN
jbmc-regression/assert1,True,0,TP
jbmc-regression/StringStartEnd01,UNKNOWN,0,UNK
jbmc-regression/StringBuilderChars01,UNKNOWN,0,UNK
jbmc-regression/putstatic_getstatic1,True,0,TP
jbmc-regression/virtual1,False,22,FN
jbmc-regression/Inheritance1,False,37,FN
jbmc-regression/StringIndexMethods01,UNKNOWN,0,UNK
jbmc-regression/virtual_function_unwinding,False,33,FN
jbmc-regression/StringConstructors01,UNKNOWN,0,UNK
jbmc-regression/StaticCharMethods05,UNKNOWN,0,UNK
jbmc-regression/charArray,UNKNOWN,0,UNK
jbmc-regression/exceptions2,False,17,TN
jbmc-regression/bitwise1,UNKNOWN,0,UNK
jbmc-regression/StringValueOf06,UNKNOWN,0,UNK
jbmc-regression/StringMiscellaneous03,UNKNOWN,0,UNK
jbmc-regression/boolean1,True,0,TP
jbmc-regression/StringValueOf02,UNKNOWN,0,UNK
jbmc-regression/StringBuilderCapLen01,UNKNOWN,0,UNK
jbmc-regression/array2,False,13,FN
jbmc-regression/enum1,UNKNOWN,0,UNK
jbmc-regression/StringCompare04,UNKNOWN,0,UNK
jbmc-regression/overloading1,False,15,FN
jbmc-regression/StringStartEnd02,UNKNOWN,0,UNK
jbmc-regression/StringBuilderChars04,UNKNOWN,0,UNK
jbmc-regression/swap1,UNKNOWN,0,UNK
jbmc-regression/StringBuilderAppend01,UNKNOWN,0,UNK
jbmc-regression/lazyloading4,False,23,FN
jbmc-regression/StringValueOf05,UNKNOWN,0,UNK
jbmc-regression/RegexSubstitution03,UNKNOWN,0,UNK
jbmc-regression/recursion2,True,0,TP
jbmc-regression/StaticCharMethods04,UNKNOWN,0,UNK
jbmc-regression/StringBuilderInsertDelete03,UNKNOWN,0,UNK
jbmc-regression/exceptions6,UNKNOWN,0,UNK
jbmc-regression/instanceof3,True,0,TP
jbmc-regression/classtest1,UNKNOWN,0,UNK
jbmc-regression/StringValueOf04,UNKNOWN,0,UNK
jbmc-regression/package1,True,0,TP
jbmc-regression/NullPointerException2,UNKNOWN,0,UNK
jbmc-regression/bug-test-gen-119,UNKNOWN,0,UNK
jbmc-regression/ClassCastException1,UNKNOWN,0,UNK
jbmc-regression/NullPointerException3,UNKNOWN,0,UNK
jbmc-regression/StringBuilderChars03,UNKNOWN,0,UNK
jbmc-regression/cast1,UNKNOWN,0,UNK
jbmc-regression/exceptions11,False,39,TN
jbmc-regression/Validate02,UNKNOWN,0,UNK
jbmc-regression/StringBuilderInsertDelete01,UNKNOWN,0,UNK
jbmc-regression/Validate01,UNKNOWN,0,UNK
jbmc-regression/StringConstructors05,UNKNOWN,0,UNK
jbmc-regression/StringBuilderInsertDelete02,UNKNOWN,0,UNK
jbmc-regression/astore_aload1,UNKNOWN,0,UNK
jbmc-regression/StringCompare05,UNKNOWN,0,UNK
jbmc-regression/NegativeArraySizeException1,False,12,TN
jbmc-regression/exceptions9,False,35,FN
jbmc-regression/StaticCharMethods03,UNKNOWN,0,UNK
jbmc-regression/NegativeArraySizeException2,False,12,TN
jbmc-regression/Class_method1,True,0,TP
jbmc-regression/java_append_char,UNKNOWN,0,UNK
jbmc-regression/StringIndexMethods03,UNKNOWN,0,UNK
jbmc-regression/list1,UNKNOWN,0,UNK
jbmc-regression/instanceof4,True,0,TP
jbmc-regression/SubString03,UNKNOWN,0,UNK
jbmc-regression/exceptions10,False,21,TN
jbmc-regression/SubString01,UNKNOWN,0,UNK
jbmc-regression/aastore_aaload1,False,16,FN
jbmc-regression/StringConcatenation04,UNKNOWN,0,UNK
jbmc-regression/StringIndexMethods05,UNKNOWN,0,UNK
jbmc-regression/StringBuilderCapLen04,UNKNOWN,0,UNK
jbmc-regression/return1,False,28,TN
jbmc-regression/StringBuilderConstructors02,UNKNOWN,0,UNK
jbmc-regression/StaticCharMethods02,UNKNOWN,0,UNK
jbmc-regression/StringBuilderAppend02,UNKNOWN,0,UNK
jbmc-regression/StringValueOf07,UNKNOWN,0,UNK
jbmc-regression/assert3,False,16,TN
jbmc-regression/StringContains02,UNKNOWN,0,UNK
jbmc-regression/exceptions7,False,18,TN
jbmc-regression/iarith2,True,0,TP
jbmc-regression/instanceof2,UNKNOWN,0,UNK
jbmc-regression/assert2,False,16,TN
jbmc-regression/fcmpx_dcmpx1,True,0,TP
jbmc-regression/array1,False,12,FN
jbmc-regression/StringIndexMethods02,UNKNOWN,0,UNK
jbmc-regression/StringValueOf01,UNKNOWN,0,UNK
jbmc-regression/StringMiscellaneous02,UNKNOWN,0,UNK
jbmc-regression/RegexMatches01,UNKNOWN,0,UNK
jbmc-regression/arraylength1,False,12,FN
jbmc-regression/if_expr1,True,0,TP
jbmc-regression/instanceof7,False,10,FN
jbmc-regression/boolean2,True,0,TP
jbmc-regression/instanceof1,True,0,TP
jbmc-regression/StringIndexMethods04,UNKNOWN,0,UNK
jbmc-regression/NullPointerException1,UNKNOWN,0,UNK
jbmc-regression/if_acmp1,False,19,FN
jbmc-regression/StringConstructors03,UNKNOWN,0,UNK
jbmc-regression/StringBuilderChars06,UNKNOWN,0,UNK
jbmc-regression/StaticCharMethods06,UNKNOWN,0,UNK
jbmc-regression/ClassCastException3,False,15,TN
jbmc-regression/iarith1,UNKNOWN,0,UNK
jbmc-regression/StringStartEnd03,UNKNOWN,0,UNK
jbmc-regression/TokenTest02,UNKNOWN,0,UNK
jbmc-regression/StringBuilderChars02,UNKNOWN,0,UNK
jbmc-regression/lookupswitch1,True,0,TP
jbmc-regression/StringConstructors02,UNKNOWN,0,UNK
jbmc-regression/ArrayIndexOutOfBoundsException2,False,12,TN
jbmc-regression/CharSequenceToString,UNKNOWN,0,UNK
jbmc-regression/arrayread1,False,15,FN
jbmc-regression/StringCompare02,UNKNOWN,0,UNK
jbmc-regression/SubString02,UNKNOWN,0,UNK
jbmc-regression/exceptions18,False,20,FN
jbmc-regression/StringCompare01,UNKNOWN,0,UNK
jbmc-regression/exceptions4,False,17,FN
jbmc-regression/exceptions5,False,19,FN
jbmc-regression/const1,True,0,TP
jbmc-regression/multinewarray,UNKNOWN,0,UNK
jbmc-regression/putfield_getfield1,False,15,FN
jbmc-regression/virtual2,False,22,TN
jbmc-regression/virtual4,False,27,FN
jbmc-regression/store_load1,True,0,TP
jbmc-regression/StringValueOf08,UNKNOWN,0,UNK
jbmc-regression/constructor1,False,28,FN
MinePump/spec1-5_product10,UNKNOWN,0,UNK
MinePump/spec1-5_product4,UNKNOWN,0,UNK
MinePump/spec1-5_product31,UNKNOWN,0,UNK
MinePump/spec1-5_product25,UNKNOWN,0,UNK
MinePump/spec1-5_product21,UNKNOWN,0,UNK
MinePump/spec1-5_product22,UNKNOWN,0,UNK
MinePump/spec1-5_product55,UNKNOWN,0,UNK
MinePump/spec1-5_product63,UNKNOWN,0,UNK
MinePump/spec1-5_product43,UNKNOWN,0,UNK
MinePump/spec1-5_product7,UNKNOWN,0,UNK
MinePump/spec1-5_product50,UNKNOWN,0,UNK
MinePump/spec1-5_product24,UNKNOWN,0,UNK
MinePump/spec1-5_product20,UNKNOWN,0,UNK
MinePump/spec1-5_product14,UNKNOWN,0,UNK
MinePump/spec1-5_product9,UNKNOWN,0,UNK
MinePump/spec1-5_product57,UNKNOWN,0,UNK
MinePump/spec1-5_product28,UNKNOWN,0,UNK
MinePump/spec1-5_product1,UNKNOWN,0,UNK
MinePump/spec1-5_product17,UNKNOWN,0,UNK
MinePump/spec1-5_product35,UNKNOWN,0,UNK
MinePump/spec1-5_product19,UNKNOWN,0,UNK
MinePump/spec1-5_product23,UNKNOWN,0,UNK
MinePump/spec1-5_product56,UNKNOWN,0,UNK
MinePump/spec1-5_product2,UNKNOWN,0,UNK
MinePump/spec1-5_product51,UNKNOWN,0,UNK
MinePump/spec1-5_product47,UNKNOWN,0,UNK
MinePump/spec1-5_product15,UNKNOWN,0,UNK
MinePump/spec1-5_product62,UNKNOWN,0,UNK
MinePump/spec1-5_product38,UNKNOWN,0,UNK
MinePump/spec1-5_product18,UNKNOWN,0,UNK
MinePump/spec1-5_product49,UNKNOWN,0,UNK
MinePump/spec1-5_product53,UNKNOWN,0,UNK
MinePump/spec1-5_product29,UNKNOWN,0,UNK
MinePump/spec1-5_product11,UNKNOWN,0,UNK
MinePump/spec1-5_product59,UNKNOWN,0,UNK
MinePump/spec1-5_product33,UNKNOWN,0,UNK
MinePump/spec1-5_product8,UNKNOWN,0,UNK
MinePump/spec1-5_product60,UNKNOWN,0,UNK
MinePump/spec1-5_product39,UNKNOWN,0,UNK
MinePump/spec1-5_product32,UNKNOWN,0,UNK
MinePump/spec1-5_product37,UNKNOWN,0,UNK
MinePump/spec1-5_product27,UNKNOWN,0,UNK
MinePump/spec1-5_product58,UNKNOWN,0,UNK
MinePump/spec1-5_product44,UNKNOWN,0,UNK
MinePump/spec1-5_product52,UNKNOWN,0,UNK
MinePump/spec1-5_product5,UNKNOWN,0,UNK
MinePump/spec1-5_product48,UNKNOWN,0,UNK
MinePump/spec1-5_product40,UNKNOWN,0,UNK
MinePump/spec1-5_product42,UNKNOWN,0,UNK
MinePump/spec1-5_product13,UNKNOWN,0,UNK
MinePump/spec1-5_product45,UNKNOWN,0,UNK
MinePump/spec1-5_product46,UNKNOWN,0,UNK
MinePump/spec1-5_product30,UNKNOWN,0,UNK
MinePump/spec1-5_product54,UNKNOWN,0,UNK
MinePump/spec1-5_product34,UNKNOWN,0,UNK
MinePump/spec1-5_product41,UNKNOWN,0,UNK
MinePump/spec1-5_product36,UNKNOWN,0,UNK
MinePump/spec1-5_product61,UNKNOWN,0,UNK
MinePump/spec1-5_product3,UNKNOWN,0,UNK
MinePump/spec1-5_product6,UNKNOWN,0,UNK
MinePump/spec1-5_product16,UNKNOWN,0,UNK
MinePump/spec1-5_product26,UNKNOWN,0,UNK
MinePump/spec1-5_product12,UNKNOWN,0,UNK
MinePump/spec1-5_product64,UNKNOWN,0,UNK
jdart-regression/startswith,UNKNOWN,0,UNK
jdart-regression/boundcheck30,False,31,TN
jdart-regression/double2long,UNKNOWN,0,UNK
jdart-regression/radians,UNKNOWN,0,UNK
jdart-regression/float,UNKNOWN,0,UNK
jdart-regression/boundcheck200,False,31,TN
jdart-regression/URLDecoder02,UNKNOWN,0,UNK
jdart-regression/boundcheck100,False,31,TN
jdart-regression/URLDecoder01,UNKNOWN,0,UNK
jdart-regression/shifting,UNKNOWN,0,UNK
jdart-regression/shifting2,UNKNOWN,0,UNK
jdart-regression/shifting3,UNKNOWN,0,UNK
jdart-regression/list2,UNKNOWN,0,UNK
jdart-regression/addition01,False,26,TN
jdart-regression/array-iteration01,UNKNOWN,0,UNK
jdart-regression/OverapproximationString01,UNKNOWN,0,UNK
rtems-lock-model/lock-00-01-10,UNKNOWN,0,UNK
jayhorn-recursive/SatFibonacci02,True,0,TP
jayhorn-recursive/SatAckermann01,True,0,TP
jayhorn-recursive/SatMccarthy91,True,0,TP
jayhorn-recursive/InfiniteLoop,UNKNOWN,0,UNK
jayhorn-recursive/UnsatAddition01,False,29,TN
jayhorn-recursive/SatAckermann02,True,0,TP
jayhorn-recursive/UnsatAddition02,True,0,FP
jayhorn-recursive/UnsatMccarthy91,False,20,TN
jayhorn-recursive/SatAddition01,True,0,TP
jayhorn-recursive/Ackermann01,False,34,TN
jayhorn-recursive/SatEvenOdd01,UNKNOWN,0,UNK
jayhorn-recursive/SatGcd,True,0,TP
jayhorn-recursive/Addition,True,0,TP
jayhorn-recursive/UnsatFibonacci02,False,29,TN
jayhorn-recursive/SatPrimes01,True,0,TP
jayhorn-recursive/UnsatFibonacci01,False,29,TN
jayhorn-recursive/SatFibonacci03,True,0,TP
jayhorn-recursive/SatMultCommutative01,UNKNOWN,0,UNK
jayhorn-recursive/SatFibonacci01,True,0,TP
jayhorn-recursive/UnsatAckermann01,False,30,TN
jayhorn-recursive/SatAckermann03,UNKNOWN,0,UNK
jayhorn-recursive/SatHanoi01,UNKNOWN,0,UNK
jayhorn-recursive/UnsatEvenOdd01,False,43,TN
jpf-regression/ExSymExe29_false,False,46,TN
jpf-regression/ExSymExe10_true,False,35,FN
jpf-regression/ExSymExeComplexMath_false,UNKNOWN,0,UNK
jpf-regression/ExSymExe4_true,False,32,FN
jpf-regression/ExSymExeTestClassFields_false,False,40,TN
jpf-regression/ExSymExe7_true,False,31,FN
jpf-regression/ExSymExeGetStatic_false,False,30,TN
jpf-regression/ExSymExe5_true,False,32,FN
jpf-regression/ExSymExeGetStatic_true,False,30,FN
jpf-regression/ExSymExe2_true,False,32,FN
jpf-regression/ExSymExeFNEG_true,UNKNOWN,0,UNK
jpf-regression/ExSymExeD2I_true,UNKNOWN,0,UNK
jpf-regression/ExSymExe3_false,False,49,TN
jpf-regression/ExSymExeLCMP_false,False,31,TN
jpf-regression/ExSymExeF2L_false,UNKNOWN,0,UNK
jpf-regression/ExSymExe11_false,False,56,TN
jpf-regression/ExSymExeTestAssignments_true,True,0,TP
jpf-regression/ExException_true,False,43,FN
jpf-regression/ExSymExe13_true,False,33,FN
jpf-regression/ExSymExe27_true,False,31,FN
jpf-regression/ExSymExeLongBytecodes_false,False,67,TN
jpf-regression/ExSymExeResearch_true,False,31,FN
jpf-regression/ExSymExe1_true,False,33,FN
jpf-regression/ExDarko_false,UNKNOWN,0,UNK
jpf-regression/ExSymExe15_true,False,36,FN
jpf-regression/ExSymExe6_false,False,48,TN
jpf-regression/ExSymExe15_false,False,54,TN
jpf-regression/ExSymExeLCMP_true,False,31,FN
jpf-regression/ExSymExe_false,False,33,TN
jpf-regression/ExException_false,False,40,TN
jpf-regression/ExSymExeF2I_true,UNKNOWN,0,UNK
jpf-regression/ExSymExeBool_false,False,44,TN
jpf-regression/ExSymExe26_true,False,31,FN
jpf-regression/ExSymExe16_false,False,51,TN
jpf-regression/ExMIT_true,True,0,TP
jpf-regression/ExSymExeSwitch_false,False,56,TN
jpf-regression/ExSymExe16_true,False,34,FN
jpf-regression/ExSymExe12_false,False,58,TN
jpf-regression/ExSymExe8_false,False,50,TN
jpf-regression/ExSymExeArrays_true,False,31,FN
jpf-regression/ExSymExe5_false,False,49,TN
jpf-regression/ExSymExe1_false,False,47,TN
jpf-regression/ExSymExeF2I_false,UNKNOWN,0,UNK
jpf-regression/ExSymExe4_false,False,52,TN
jpf-regression/ExSymExeSimple_false,False,42,TN
jpf-regression/ExSymExe9_true,False,34,FN
jpf-regression/ExSymExe14_true,False,33,FN
jpf-regression/ExLazy_true,True,0,TP
jpf-regression/ExSymExe21_false,False,54,TN
jpf-regression/ExDarko_true,UNKNOWN,0,UNK
jpf-regression/ExSymExe26_false,False,51,TN
jpf-regression/ExSymExeTestAssignments_false,False,39,TN
jpf-regression/ExSymExeF2L_true,UNKNOWN,0,UNK
jpf-regression/ExGenSymExe_true,False,31,FN
jpf-regression/ExLazy_false,False,36,TN
jpf-regression/ExSymExe27_false,False,47,TN
jpf-regression/ExSymExe10_false,False,55,TN
jpf-regression/ExSymExe18_true,False,35,FN
jpf-regression/ExSymExe6_true,False,32,FN
jpf-regression/ExSymExe12_true,False,36,FN
jpf-regression/ExSymExe29_true,False,32,FN
jpf-regression/ExSymExe8_true,False,32,FN
jpf-regression/ExSymExeI2F_false,False,32,TN
jpf-regression/ExSymExeBool_true,False,32,FN
jpf-regression/ExSymExeLongBytecodes_true,False,31,FN
jpf-regression/ExSymExe7_false,False,51,TN
jpf-regression/ExSymExe14_false,False,56,TN
jpf-regression/ExSymExeD2L_true,UNKNOWN,0,UNK
jpf-regression/ExSymExe11_true,False,32,FN
jpf-regression/ExSymExe28_true,False,32,FN
jpf-regression/ExSymExe20_true,False,35,FN
jpf-regression/ExSymExeI2D_false,False,42,TN
jpf-regression/ExSymExe20_false,False,61,TN
jpf-regression/ExSymExe25_false,False,50,TN
jpf-regression/ExSymExe_true,False,33,FN
jpf-regression/ExSymExe19_false,False,54,TN
jpf-regression/ExSymExe19_true,False,36,FN
jpf-regression/ExSymExe9_false,False,52,TN
jpf-regression/ExSymExeSuzette_true,False,61,FN
jpf-regression/ExSymExe17_false,False,51,TN
jpf-regression/TestLazy_true,UNKNOWN,0,UNK
jpf-regression/ExSymExeSwitch_true,True,0,TP
jpf-regression/ExSymExe21_true,False,35,FN
jpf-regression/ExSymExeI2D_true,False,31,FN
jpf-regression/ExSymExe3_true,False,32,FN
jpf-regression/ExSymExe17_true,False,34,FN
jpf-regression/ExSymExeFNEG_false,UNKNOWN,0,UNK
jpf-regression/ExSymExeD2L_false,UNKNOWN,0,UNK
jpf-regression/ExMIT_false,False,36,TN
jpf-regression/ExSymExeSimple_true,False,42,FN
jpf-regression/ExSymExeArrays_false,False,44,TN
jpf-regression/ExSymExeI2F_true,False,31,FN
jpf-regression/ExSymExe18_false,False,55,TN
jpf-regression/ExSymExeD2I_false,UNKNOWN,0,UNK
jpf-regression/ExSymExe2_false,False,52,TN
jpf-regression/ExSymExeSuzette_false,False,34,TN
jpf-regression/ExSymExe25_true,False,31,FN
jpf-regression/ExSymExeResearch_false,False,36,TN
jpf-regression/ExSymExeTestClassFields_true,False,34,FN
jpf-regression/ExGenSymExe_false,False,66,TN
jpf-regression/ExSymExe28_false,False,46,TN
jpf-regression/ExSymExeComplexMath_true,UNKNOWN,0,UNK
jpf-regression/ExSymExe13_false,False,33,TN
jpf-regression/TestLazy_false,False,30,TN
securibench/Basic26,UNKNOWN,0,UNK
securibench/StrongUpdates4,UNKNOWN,0,UNK
securibench/Arrays1,UNKNOWN,0,UNK
securibench/Refl2,UNKNOWN,0,UNK
securibench/Collections1,UNKNOWN,0,UNK
securibench/Pred3,UNKNOWN,0,UNK
securibench/Basic1,UNKNOWN,0,UNK
securibench/Basic25,UNKNOWN,0,UNK
securibench/Basic27,UNKNOWN,0,UNK
securibench/Basic18,UNKNOWN,0,UNK
securibench/Basic34,UNKNOWN,0,UNK
securibench/Inter14,UNKNOWN,0,UNK
securibench/Session2,UNKNOWN,0,UNK
securibench/Arrays7,UNKNOWN,0,UNK
securibench/Basic17,UNKNOWN,0,UNK
securibench/Basic21,UNKNOWN,0,UNK
securibench/Aliasing4,UNKNOWN,0,UNK
securibench/Pred6,UNKNOWN,0,UNK
securibench/Inter2,UNKNOWN,0,UNK
securibench/Inter10,UNKNOWN,0,UNK
securibench/Basic29,UNKNOWN,0,UNK
securibench/Basic35,UNKNOWN,0,UNK
securibench/Basic15,UNKNOWN,0,UNK
securibench/Collections12,UNKNOWN,0,UNK
securibench/Basic3,UNKNOWN,0,UNK
securibench/Inter11,UNKNOWN,0,UNK
securibench/Basic4,UNKNOWN,0,UNK
securibench/Basic39,UNKNOWN,0,UNK
securibench/Arrays9,UNKNOWN,0,UNK
securibench/Datastructures3,UNKNOWN,0,UNK
securibench/Aliasing2,UNKNOWN,0,UNK
securibench/Inter5,UNKNOWN,0,UNK
securibench/Collections13,UNKNOWN,0,UNK
securibench/Collections5,UNKNOWN,0,UNK
securibench/Arrays8,UNKNOWN,0,UNK
securibench/StrongUpdates2,UNKNOWN,0,UNK
securibench/Sanitizers3,UNKNOWN,0,UNK
securibench/StrongUpdates3,UNKNOWN,0,UNK
securibench/Arrays5,UNKNOWN,0,UNK
securibench/Basic31,UNKNOWN,0,UNK
securibench/Inter3,UNKNOWN,0,UNK
securibench/Inter6,UNKNOWN,0,UNK
securibench/Refl1,UNKNOWN,0,UNK
securibench/Refl4,UNKNOWN,0,UNK
securibench/Inter13,UNKNOWN,0,UNK
securibench/Sanitizers5,UNKNOWN,0,UNK
securibench/Basic10,UNKNOWN,0,UNK
securibench/Basic9,UNKNOWN,0,UNK
securibench/Inter12,UNKNOWN,0,UNK
securibench/Basic5,UNKNOWN,0,UNK
securibench/Basic28,UNKNOWN,0,UNK
securibench/Basic2,UNKNOWN,0,UNK
securibench/Basic24,UNKNOWN,0,UNK
securibench/Arrays3,UNKNOWN,0,UNK
securibench/StrongUpdates1,UNKNOWN,0,UNK
securibench/Pred8,UNKNOWN,0,UNK
securibench/Basic19,UNKNOWN,0,UNK
securibench/Basic33,UNKNOWN,0,UNK
securibench/Inter9,UNKNOWN,0,UNK
securibench/Inter7,UNKNOWN,0,UNK
securibench/Basic38,UNKNOWN,0,UNK
securibench/Aliasing6,UNKNOWN,0,UNK
securibench/Pred9,UNKNOWN,0,UNK
securibench/Basic8,UNKNOWN,0,UNK
securibench/Basic16,UNKNOWN,0,UNK
securibench/Session1,UNKNOWN,0,UNK
securibench/Datastructures2,UNKNOWN,0,UNK
securibench/Collections4,UNKNOWN,0,UNK
securibench/Datastructures1,UNKNOWN,0,UNK
securibench/Aliasing3,UNKNOWN,0,UNK
securibench/Refl3,UNKNOWN,0,UNK
securibench/Sanitizers6,UNKNOWN,0,UNK
securibench/Pred1,UNKNOWN,0,UNK
securibench/Inter1,UNKNOWN,0,UNK
securibench/Collections3,UNKNOWN,0,UNK
securibench/StrongUpdates5,UNKNOWN,0,UNK
securibench/Collections2,UNKNOWN,0,UNK
securibench/Arrays6,UNKNOWN,0,UNK
securibench/Collections10,UNKNOWN,0,UNK
securibench/Session3,UNKNOWN,0,UNK
securibench/Collections14,UNKNOWN,0,UNK
securibench/Collections8,UNKNOWN,0,UNK
securibench/Basic7,UNKNOWN,0,UNK
securibench/Datastructures5,UNKNOWN,0,UNK
securibench/Sanitizers1,UNKNOWN,0,UNK
securibench/Pred4,UNKNOWN,0,UNK
securibench/Basic20,UNKNOWN,0,UNK
securibench/Pred7,UNKNOWN,0,UNK
securibench/Datastructures6,UNKNOWN,0,UNK
securibench/Basic11,UNKNOWN,0,UNK
securibench/Arrays4,UNKNOWN,0,UNK
securibench/Basic30,UNKNOWN,0,UNK
securibench/Arrays10,UNKNOWN,0,UNK
securibench/Collections6,UNKNOWN,0,UNK
securibench/Aliasing1,UNKNOWN,0,UNK
securibench/Sanitizers2,UNKNOWN,0,UNK
securibench/Collections9,UNKNOWN,0,UNK
securibench/Factories1,UNKNOWN,0,UNK
securibench/Pred5,UNKNOWN,0,UNK
securibench/Sanitizers4,UNKNOWN,0,UNK
securibench/Basic37,UNKNOWN,0,UNK
securibench/Datastructures4,UNKNOWN,0,UNK
securibench/Pred2,UNKNOWN,0,UNK
securibench/Aliasing5,UNKNOWN,0,UNK
securibench/Factories2,UNKNOWN,0,UNK
securibench/Inter4,UNKNOWN,0,UNK
securibench/Basic6,UNKNOWN,0,UNK
securibench/Basic32,UNKNOWN,0,UNK
securibench/Inter8,UNKNOWN,0,UNK
securibench/Arrays2,UNKNOWN,0,UNK
securibench/Basic12,UNKNOWN,0,UNK
securibench/Collections7,UNKNOWN,0,UNK
securibench/Factories3,UNKNOWN,0,UNK